rank,uri,artist_names,track_name,source,peak_rank,previous_rank,weeks_on_chart,streams
1,"spotify:track:0V3wPSX9ygBnCm8psDIegu","Taylor Swift","Anti-Hero","Taylor Swift",1,1,3,"50080850"
2,"spotify:track:1bDbXMyjaUIooNwFE9wn0N","Drake, 21 Savage","Rich Flex","OVO / Republic Records",2,-1,1,"48031503"
3,"spotify:track:3nqQXoyQOWXiESFLlDF1hG","Sam Smith, Kim Petras","Unholy (feat. Kim Petras)","EMI",1,2,7,"45956224"
4,"spotify:track:46s57QULU02Voy0Kup6UEb","Drake, 21 Savage","Major Distribution","OVO / Republic Records",4,-1,1,"35793667"
5,"spotify:track:2KLwPaRDOB87XOYAT2fgxh","Drake, 21 Savage, Travis Scott","Pussy & Millions (feat. Travis Scott)","OVO / Republic Records",5,-1,1,"33728392"
6,"spotify:track:34tz0eDhGuFErIuW3q4mPX","Drake, 21 Savage","On BS","OVO / Republic Records",6,-1,1,"30341456"
7,"spotify:track:4uUG5RXrOk84mYEfFvj3cK","David Guetta, Bebe Rexha","I'm Good (Blue)","Parlophone UK",2,5,11,"29719674"
8,"spotify:track:5ww2BF9slyYgNOk37BlC4u","Manuel Turizo","La Bachata","Sony Music Latin/La Industria",4,7,19,"29394754"
9,"spotify:track:4Dvkj6JhhA12EX05fT7y2e","Harry Styles","As It Was","Columbia",1,8,32,"28738084"
10,"spotify:track:2tTmW7RDtMQtBk7m2rYeSw","Bizarrap, Quevedo","Quevedo: Bzrp Music Sessions, Vol. 52","DALE PLAY Records",1,10,18,"27151580"
11,"spotify:track:7GeTsDIc5ykNB6lORO6Cee","Drake, 21 Savage","Circo Loco","OVO / Republic Records",11,-1,1,"27146389"
12,"spotify:track:3rWDp9tBPQR9z6U5YyRSK4","Taylor Swift","Midnight Rain","Taylor Swift",4,4,3,"26508337"
13,"spotify:track:5jQI2r1RdgtuT8S3iG8zFC","Taylor Swift","Lavender Haze","Taylor Swift",2,3,3,"26296024"
14,"spotify:track:2ZL7WZcjuYKi1KUDtp4kCC","Drake, 21 Savage","Spin Bout U","OVO / Republic Records",14,-1,1,"25742538"
15,"spotify:track:7l2nxyx7IkBX5orhkALg0V","Drake, 21 Savage","Privileged Rappers","OVO / Republic Records",15,-1,1,"25020967"
16,"spotify:track:0wshkEEcJUQU33RSRBb5dv","Drake","BackOutsideBoyz","OVO / Republic Records",16,-1,1,"24301784"
17,"spotify:track:5IgjP7X4th6nMNDh4akUHb","Chris Brown","Under The Influence","Chris Brown Entertainment/RCA Records",6,16,16,"23345903"
18,"spotify:track:1wtOxkiel43cVs0Yux5Q4h","Taylor Swift, Lana Del Rey","Snow On The Beach (feat. Lana Del Rey)","Taylor Swift",3,6,3,"22439351"
19,"spotify:track:45pUWUeEWGoSdH6UF162G8","Drake, 21 Savage","Broke Boys","OVO / Republic Records",19,-1,1,"22082023"
20,"spotify:track:3eX0NZfLtGzoLUxPNvRfqm","Taylor Swift","Maroon","Taylor Swift",5,9,3,"21998873"
21,"spotify:track:26hOm7dTtBi0TdpDGl141t","Joji","Die For You","88rising Music/Warner Records",21,-1,1,"21735446"
22,"spotify:track:4D7BCuvgdJlYvlX5WlN54t","Taylor Swift","You're On Your Own, Kid","Taylor Swift",6,12,3,"21391982"
23,"spotify:track:6Sq7ltF9Qa7SNFBsV5Cogx","Bad Bunny, Chencho Corleone","Me Porto Bonito","Rimas Entertainment LLC",2,18,27,"21284153"
24,"spotify:track:4h9wh7iOZ0GGn8QVp4RAOB","OneRepublic","I Ain't Worried","Interscope Records",7,20,23,"21209870"
25,"spotify:track:73vIOb4Q7YN6HeJTbscRx5","Oliver Tree, Robin Schulz","Miss You","Atlantic Records",11,23,5,"20896874"
26,"spotify:track:3qoftcUZaUOncvIYjFSPdE","Taylor Swift","Bejeweled","Taylor Swift",11,14,3,"20637031"
27,"spotify:track:7KokYm8cMIXCsGVmUvKtqf","Taylor Swift","Karma","Taylor Swift",8,13,3,"20625887"
28,"spotify:track:4ewazQLXFTDC8XvCbhvtXs","Joji","Glimpse of Us","88rising Music/Warner Records",1,45,22,"20583783"
29,"spotify:track:1IHWl5LamUGEuP4ozKQSXZ","Bad Bunny","Tití Me Preguntó","Rimas Entertainment LLC",4,19,27,"20454418"
30,"spotify:track:0sSRLXxknVTQDStgU1NqpY","Drake, 21 Savage","Hours In Silence","OVO / Republic Records",30,-1,1,"20246941"
31,"spotify:track:4k6Uh1HXdhtusDW5y8Gbvy","Steve Lacy","Bad Habit","L-M Records/RCA Records",10,22,18,"20066352"
32,"spotify:track:7jtQIBanIiJOMS6RyCx6jZ","Tom Odell","Another Love","ITNO/Columbia",15,27,83,"19228665"
33,"spotify:track:1zsPaEkglFvxjAhrM8yhpr","Ozuna, Feid","Hey Mor","Aura Music Corp.",33,42,4,"18116658"
34,"spotify:track:53tfEupEzQRtVFOeZvk7xq","ROSALÍA","DESPECHÁ","Columbia",5,24,15,"18016778"
35,"spotify:track:6G12ZafqofSq7YtrMqUm76","Shakira, Ozuna","Monotonía","Sony Music Latin",21,21,3,"17984817"
36,"spotify:track:4Flfb4fGscN9kXPOduQLrv","Drake, 21 Savage","Treacherous Twins","OVO / Republic Records",36,-1,1,"17860830"
37,"spotify:track:5Eax0qFko2dh7Rl2lYs3bx","Bad Bunny","Efecto","Rimas Entertainment LLC",6,30,27,"17760677"
38,"spotify:track:35ovElsgyAtQwYPYnZJECg","Rihanna","Lift Me Up - From Black Panther: Wakanda Forever - Music From and Inspired By","Def Jam Recordings",11,11,2,"17617043"
39,"spotify:track:1xwAWUI6Dj0WGC3KiUPN0O","Taylor Swift","Vigilante Shit","Taylor Swift",9,15,3,"17562127"
40,"spotify:track:1xzi1Jcr7mEi9K2RfzLOqS","Beyoncé","CUFF IT","Parkwood Entertainment/Columbia",13,29,12,"17481461"
41,"spotify:track:410TZrK18uRjtsTunG14cl","Drake","Middle of the Ocean","OVO / Republic Records",41,-1,1,"17189488"
42,"spotify:track:0heeNYlwOGuUSe7TgUD27B","Taylor Swift","Question...?","Taylor Swift",10,17,3,"17148843"
43,"spotify:track:6VhuP99TE6gYNQRJIlAWFD","Stephen Sanchez","Until I Found You","Republic Records",20,37,27,"16928589"
44,"spotify:track:1xK59OXxi2TAAAbmZK0kBL","d4vd","Romantic Homicide","Darkroom/Interscope Records",17,36,10,"16731863"
45,"spotify:track:0WtM2NBVQNNJLh6scP13H8","Rema, Selena Gomez","Calm Down (with Selena Gomez)","Mavin Records / Jonzing World",23,35,11,"16577129"
46,"spotify:track:0QHEIqNKsMoOY5urbzN48u","Meghan Trainor","Made You Look","Epic",33,33,3,"16493387"
47,"spotify:track:76OGwb5RA9h4FxQPT33ekc","Rosa Linn","SNAP","Columbia",16,34,18,"16175784"
48,"spotify:track:2LBqCSwhJGcFQeTHMVGwy3","The Weeknd","Die For You","Universal Republic Records",26,41,39,"16039305"
49,"spotify:track:3k3NWokhRRkEPhCzPmV8TW","Bad Bunny, Bomba Estéreo","Ojitos Lindos","Rimas Entertainment LLC",3,38,27,"15648457"
50,"spotify:track:2QjOHCTQ1Jl3zawyYOpxh6","The Neighbourhood","Sweater Weather","Columbia",19,40,115,"15521726"
51,"spotify:track:34ZAzO78a5DAVNrYIGWcPm","SZA","Shirt","Top Dawg Entertainment/RCA Records",25,25,2,"15400286"
52,"spotify:track:5odlY52u43F5BjByhxg7wg","JVKE","golden hour","JVKE",43,43,11,"15385643"
53,"spotify:track:2ZlABhxMMa43COmZ97kKsJ","Drake","Jumbotron Shit Poppin","OVO / Republic Records",53,-1,1,"15383701"
54,"spotify:track:29YW2xXlo6Pc6M0SBTCXYN","Drake, 21 Savage","More M’s","OVO / Republic Records",54,-1,1,"15250027"
55,"spotify:track:5XeFesFbtLpXzIVDNQP22n","Arctic Monkeys","I Wanna Be Yours","Domino Recording Co",27,44,18,"15177319"
56,"spotify:track:54ipXppHLA8U4yqpOFTUhr","Imagine Dragons","Bones","Kid Ina Korner / Interscope",26,39,35,"14857096"
57,"spotify:track:7FmYn9e7KHMXcxqGSj9LjH","Taylor Swift","Mastermind","Taylor Swift",13,26,3,"14733923"
58,"spotify:track:02MWAaffLxlfxAUY7c5dvx","Glass Animals","Heat Waves","Polydor Records",1,46,98,"13961069"
59,"spotify:track:0A1JLUlkZkp2EFrosoNQi0","Taylor Swift","Labyrinth","Taylor Swift",12,28,3,"13883412"
60,"spotify:track:2CeKVsFFXG4QzA415QygGb","Feid","Feliz Cumpleaños Ferxxo","UMLE - Latino",38,52,12,"13615363"
61,"spotify:track:3F5CgOj3wFlRv51JsHbxhe","Drake, 21 Savage","Jimmy Cooks (feat. 21 Savage)","OVO",7,67,21,"13432987"
62,"spotify:track:561jH07mF1jHuk7KlaeF0s","Eminem","Mockingbird","Aftermath",55,55,4,"13393939"
63,"spotify:track:5PjdY0CKGZdEuoNab3yDmX","The Kid LAROI, Justin Bieber","STAY (with Justin Bieber)","Columbia",1,51,70,"13310550"
64,"spotify:track:0wavGRldH0AWyu2zvTz8zb","Taylor Swift","Sweet Nothing","Taylor Swift",14,31,3,"12999965"
65,"spotify:track:31i56LZnwE6uSu3exoHjtB","Bad Bunny","Neverita","Rimas Entertainment LLC",15,49,27,"12840104"
66,"spotify:track:7gRFDGEzF9UkBV233yv2dc","BLACKPINK","Shut Down","YG Entertainment/Interscope Records",1,48,8,"12702160"
67,"spotify:track:6Xom58OOXk2SoU711L2IXO","Bad Bunny","Moscow Mule","Rimas Entertainment LLC",2,50,27,"12609878"
68,"spotify:track:2TDyyEBasw10wu5Uh94bR1","Rauw Alejandro, Baby Rasta","PUNTO 40","Sony Music Latin/Duars Entertainment",48,56,5,"12208868"
69,"spotify:track:31bsuKDOzFGzBAoXxtnAJm","Drake","I Guess It’s Fuck Me","OVO / Republic Records",69,-1,1,"12159077"
70,"spotify:track:5Odq8ohlgIbQKMZivbWkEo","Charlie Puth, Jung Kook, BTS","Left and Right (Feat. Jung Kook of BTS)","Atlantic Records",7,60,20,"12115223"
71,"spotify:track:5JhUm1v5AbI5Yu6jLKCPRO","Grupo Frontera","No Se Va - En Vivo","Grupo Frontera",36,57,7,"11855070"
72,"spotify:track:2yjlYDiNiQkdxVqTlaSrlX","Nicki Minaj","Super Freaky Girl","Republic Records",14,53,13,"11663971"
73,"spotify:track:7dSZ6zGTQx66c2GF91xCrb","KAROL G","PROVENZA","UMLE - Latino",6,59,29,"11499117"
74,"spotify:track:1MTXYvJ9TSqg9x6WPCDx2n","21 Savage","3AM on Glenwood","OVO / Republic Records",74,-1,1,"11386762"
75,"spotify:track:4FyesJzVpA39hbYvcseO2d","Lil Uzi Vert","Just Wanna Rock","Generation Now/Atlantic",75,79,3,"11378851"
76,"spotify:track:38T0tPVZHcPZyhtOcCP7pF","Lil Nas X","STAR WALKIN' (League of Legends Worlds Anthem)","Columbia",22,66,7,"11330178"
77,"spotify:track:79HZAZNnOE97rb2hnI0XQr","Rauw Alejandro, Lyanno, Brray","LOKERA","Sony Music Latin/Duars Entertainment",38,61,13,"11137712"
78,"spotify:track:0XER3HPMx223xWaAgNKp4Y","Selena Gomez","My Mind & Me","Interscope Records",78,-1,1,"11027548"
79,"spotify:track:5zwwW9Oq7ubSxoCGyW1nbY","BLACKPINK","Pink Venom","YG Entertainment/Interscope Records",2,62,12,"11014693"
80,"spotify:track:3pUa0ZxdSeaJXm0EIydD3F","Taylor Swift","Would've, Could've, Should've","Taylor Swift",25,47,3,"10968332"
81,"spotify:track:1qEmFfgcLObUfQm0j1W2CK","Harry Styles","Late Night Talking","Columbia",2,65,25,"10936387"
82,"spotify:track:0VjIjW4GlUZAMYd2vXMi3b","The Weeknd","Blinding Lights","Republic Records",1,54,154,"10837832"
83,"spotify:track:0h7QMc9ZRzA9QJrbEHytn2","JIN","The Astronaut","BIGHIT MUSIC",32,32,2,"10697787"
84,"spotify:track:6JIC3hbC28JZKZ8AlAqX8h","Elton John, Dua Lipa, PNAU","Cold Heart - PNAU Remix","EMI",4,70,65,"10685882"
85,"spotify:track:7iwJOi3hlMqZt6pj1sQOBj","Quevedo","Vista Al Mar","Quevedo",45,71,9,"10674096"
86,"spotify:track:6TsVhM8qIkWN5cJVDIVbbz","Wisin & Yandel, ROSALÍA","Besos Moja2","Sony Music Latin",86,90,6,"10572248"
87,"spotify:track:2eAvDnpXP5W0cVtiI0PUxV","Ruth B.","Dandelions","Columbia",34,74,65,"10381995"
88,"spotify:track:0HYAsQwJIO6FLqpyTeD3l6","Fujii Kaze","Shinunoga E-Wa","Universal Music LLC",72,87,10,"10280924"
89,"spotify:track:7MXVkk9YMctZqd1Srtv4MB","The Weeknd, Daft Punk","Starboy","Universal Republic Records",1,77,110,"10267074"
90,"spotify:track:58ge6dfP91o9oXMzq3XkIS","Arctic Monkeys","505","Domino/Warner Records",43,76,45,"9959571"
91,"spotify:track:3AJwUDP919kvQ9QcozQPxg","Coldplay","Yellow","Parlophone UK",56,82,99,"9773605"
92,"spotify:track:4fsQ0K37TOXa3hEQfjEic1","LE SSERAFIM","ANTIFRAGILE","SOURCE MUSIC",80,80,3,"9745432"
93,"spotify:track:7DbdUf8aHSYoliSjO6LZv6","Beach Weather","Sex, Drugs, Etc.","8123 / Arista Records",58,83,13,"9735246"
94,"spotify:track:1cKHdTo9u0ZymJdPGSh6nq","The Weeknd, Gesaffelstein","I Was Never There","Universal Republic Records",17,81,23,"9726748"
95,"spotify:track:4h4QlmocP3IuwYEj2j14p8","Nicky Youre, dazy","Sunroof","Thirty Knots/Columbia",28,75,27,"9676578"
96,"spotify:track:0O6u0VJ46W86TxN9wgyqDj","Post Malone, Doja Cat","I Like You (A Happier Song) (with Doja Cat)","Mercury Records/Republic Records",10,73,23,"9573855"
97,"spotify:track:3LtpKP5abr2qqjunvjlX5i","Central Cee","Doja","Central Cee",15,72,16,"9337280"
98,"spotify:track:1aOl53hkZGHkl2Snhr7opL","Dean Lewis","How Do I Say Goodbye","Universal Music Australia Pty. Ltd.",86,91,6,"9288050"
99,"spotify:track:3WMj8moIAXJhHsyLaqIIHI","Zach Bryan","Something in the Orange","Warner Records",57,92,9,"9282133"
100,"spotify:track:5BYl3SodS3rGmafWXRWmB7","Taylor Swift","The Great War","Taylor Swift",27,58,3,"9277580"
101,"spotify:track:3khEEPRyBeOUabbmOPJzAG","Kenshi Yonezu","KICK BACK","Sony Music Labels Inc.",66,86,4,"9239820"
102,"spotify:track:75FEaRjZTKLhTrFGsfMUXR","Kate Bush","Running Up That Hill (A Deal With God) - 2018 Remaster","Rhino",1,68,24,"9239381"
103,"spotify:track:1abwytAhbWeHrbsA9eODOy","Joji","Feeling Like The End","88rising Music/Warner Records",103,-1,1,"9230860"
104,"spotify:track:3vKYvbzB7801a5qd47pxkm","Mora, Quevedo","APA","Rimas Entertainment LLC",104,-1,1,"9214552"
105,"spotify:track:3EaJDYHA0KnX88JvDhL9oa","Steve Lacy","Dark Red","Three Quarter",66,89,66,"9209307"
106,"spotify:track:0u2P5u6lvoDfwTYjAADbn4","Billie Eilish, Khalid","lovely (with Khalid)","Darkroom",24,94,238,"9117635"
107,"spotify:track:6HMtHNpW6YPi1hrw9tgF8P","Lizzo","About Damn Time","Nice Life/Atlantic",9,88,28,"8999265"
108,"spotify:track:59nOXPmaKlBfGMDeOVGrIK","Future, Drake, Tems","WAIT FOR U (feat. Drake & Tems)","Epic/Freebandz",10,99,28,"8917066"
109,"spotify:track:7lQ8MOhq6IN2w8EYcFNSUk","Eminem","Without Me","Aftermath",31,97,59,"8888590"
110,"spotify:track:6qyS9qBy0mEk3qYaH8mPss","Kordhell","Murder In My Mind","Kordhell",85,108,13,"8873554"
111,"spotify:track:5QO79kh1waicV47BqGRL3g","The Weeknd","Save Your Tears","Republic Records",2,103,101,"8789403"
112,"spotify:track:3jzbpOzoYa22FvzBkNkLvC","Taylor Swift","Bigger Than The Whole Sky","Taylor Swift",29,64,3,"8735000"
113,"spotify:track:1ga4PztXOIw1yBbdUt2X8v","KAROL G, Maldy","GATÚBELA","UMLE - Latino",33,84,11,"8726703"
114,"spotify:track:3CIyK1V4JEJkg02E4EJnDl","Imagine Dragons, JID, Arcane, League of Legends","Enemy (with JID) - from the series Arcane League of Legends","Kid Ina Korner / Interscope",3,106,54,"8623493"
115,"spotify:track:09mEdoA6zrmBPgTEN5qXmN","The Weeknd","Call Out My Name","Universal Republic Records",1,104,55,"8611423"
116,"spotify:track:1Fid2jjqsHViMX6xNH70hE","Seafret","Atlantis","Sweet Jane Recordings",63,114,16,"8595844"
117,"spotify:track:5jt25aFjW2kNoBqaEVaz5W","Mora, Feid","LA INOCENTE","Rimas Entertainment LLC",74,107,19,"8591116"
118,"spotify:track:0bYg9bo50gSsH3LtXe2SQn","Mariah Carey","All I Want for Christmas Is You","Columbia",1,-1,42,"8569420"
119,"spotify:track:41oY4WCTj5kccfesTVFnvN","Bad Bunny, Jhayco","Tarot","Rimas Entertainment LLC",9,93,27,"8553326"
120,"spotify:track:2rurDawMfoKP4uHyb2kJBt","Shakira, Rauw Alejandro","Te Felicito","Sony Music Latin",13,95,29,"8496886"
121,"spotify:track:58HvfVOeJY7lUuCqF0m3ly","Elley Duhé","MIDDLE OF THE NIGHT","Not Fit For Society/RCA Records",11,111,46,"8453133"
122,"spotify:track:7zBscbZUCr4jEABrfV9g03","Joji","Before The Day Is Over","88rising Music/Warner Records",122,-1,1,"8440433"
123,"spotify:track:6J834IBcZJMH38ksrgAqwF","Taylor Swift","Paris","Taylor Swift",34,69,3,"8373450"
124,"spotify:track:0fea68AdmYNygeTGI4RC18","J Balvin, Bad Bunny","LA CANCIÓN","Universal Music Latino / Rimas",17,100,90,"8284508"
125,"spotify:track:6i1g5ZRmJZAkDwBaUZ3f2i","Luar La L","Caile","La Mafia Urbana Corp.",32,98,13,"8242659"
126,"spotify:track:5TJEBoTCDbJXiKMdCN9pd3","Elton John, Britney Spears","Hold Me Closer","EMI",25,105,11,"8241985"
127,"spotify:track:63OA8vSo2PhUkmQopR1l64","Paulo Londra, Feid","A Veces (feat. Feid)","WEA Latina",127,-1,1,"8221691"
128,"spotify:track:2TktkzfozZifbQhXjT6I33","Omar Apollo","Evergreen (You Didn’t Deserve Me At All)","Warner Records",54,113,8,"8190955"
129,"spotify:track:6I3mqTwhRpn34SLVafSH7G","Justin Bieber","Ghost","RBMG/Def Jam",11,122,60,"8179682"
130,"spotify:track:1DIXPcTDzTj8ZMHt3PDt8p","Coolio, L.V.","Gangsta's Paradise","Tommy Boy Music, LLC",40,109,54,"8160997"
131,"spotify:track:6UelLqGlWMcVH1E5c4H7lY","Harry Styles","Watermelon Sugar","Columbia",4,128,156,"8142493"
132,"spotify:track:3AVrVz5rK8Hrqo9YGiVGN5","Cigarettes After Sex","Apocalypse","PTKF",89,134,18,"8131880"
133,"spotify:track:3xWGA8pa0IKFI7IMPri4P0","Ed Sheeran","Shivers","Atlantic Records UK",4,123,61,"8120007"
134,"spotify:track:78Sw5GDo6AlGwTwanjXbGh","d4vd","Here With Me","Darkroom/Interscope Records",134,171,2,"8062894"
135,"spotify:track:0rvbMTIWwMZaMC9UnubDPb","Mora","DOMINGO DE BOTE","Rimas Entertainment LLC",135,-1,1,"8058820"
136,"spotify:track:2DB4DdfCFMw1iaR6JaR03a","Camila Cabello, Ed Sheeran","Bam Bam (feat. Ed Sheeran)","Epic",5,117,36,"8042947"
137,"spotify:track:3yfqSUWxFvZELEM4PmlwIR","Eminem","The Real Slim Shady","Interscope",51,127,75,"8040786"
138,"spotify:track:7qEHsqek33rTcFNT9PFqLf","Lewis Capaldi","Someone You Loved","Vertigo Berlin",4,130,201,"8034955"
139,"spotify:track:68Dni7IE4VyPkTOH9mRWHr","J. Cole","No Role Modelz","Roc Nation Records LLC",76,121,68,"8030779"
140,"spotify:track:5Z9KJZvQzH6PFmb8SNkxuk","Lil Nas X, Jack Harlow","INDUSTRY BABY (feat. Jack Harlow)","Columbia",2,126,68,"8016660"
141,"spotify:track:0pqnGHJpmpxLKifKRmU6WP","Imagine Dragons","Believer","Kid Ina Korner / Interscope",16,125,301,"7986915"
142,"spotify:track:4tYFy8ALRjIZvnvSLw5lxN","Bad Bunny, Rauw Alejandro","Party","Rimas Entertainment LLC",6,102,27,"7948793"
143,"spotify:track:46IZ0fSY2mpAiktS3KOqds","Adele","Easy On Me","Columbia",1,138,56,"7939616"
144,"spotify:track:4SqWKzw0CbA05TGszDgMlc","The Walters","I Love You So","Warner Records",21,136,57,"7901433"
145,"spotify:track:1797zYiX4cKosMH836X9Gt","Bad Bunny, Tony Dize","La Corriente","Rimas Entertainment LLC",17,116,27,"7880834"
146,"spotify:track:4woTEX1wYOTGDqNXuavlRC","Eminem, Dina Rae","Superman","Aftermath",145,145,6,"7855185"
147,"spotify:track:5FVd6KXrgO9B3JPmC8OPst","Arctic Monkeys","Do I Wanna Know?","Domino Recording Co",98,137,61,"7793268"
148,"spotify:track:1mea3bSkSGXuIRvnydlB5b","Coldplay","Viva La Vida","Parlophone UK",125,135,11,"7734602"
149,"spotify:track:2J2Z1SkXYghSajLibnQHOa","Sia","Unstoppable","Monkey Puzzle Records/RCA Records",107,146,39,"7717850"
150,"spotify:track:7ef4DlsgrMEH11cDZd32M6","Calvin Harris, Dua Lipa","One Kiss (with Dua Lipa)","Sony Music UK",2,124,96,"7716890"
151,"spotify:track:5QM0SsyzmBM0pbFY52Xj1X","Sam Smith","I'm Not The Only One","Capitol",82,132,16,"7693805"
152,"spotify:track:0kTMK4gNFfLXaTb62w1UaJ","Pablito Pesadilla, Polimá Westcoast, Nickoog Clk, Fran C","BABY OTAKU","BZR Music",47,101,7,"7678747"
153,"spotify:track:0hquQWY3xvYqN4qtiquniF","Doja Cat","Vegas (From the Original Motion Picture Soundtrack ELVIS)","Kemosabe Records/RCA Records",26,118,23,"7669598"
154,"spotify:track:3fjN3y5x4hN53rykAN2LHQ","Rels B","cómo dormiste?","Flakk Team / DALE PLAY Records",24,142,14,"7637154"
155,"spotify:track:39JofJHEtg8I4fSyo7Imft","Eliza Rose, Interplanetary Criminal","B.O.T.A. (Baddest Of Them All) - Edit","Warner Records",52,115,10,"7636149"
156,"spotify:track:7wdwIaXUuzlu1grzWMFRJm","Ghost","Mary On A Cross","UME - Global Clearing House",36,85,13,"7601580"
157,"spotify:track:086myS9r57YsLbJpU0TgK9","Arctic Monkeys","Why'd You Only Call Me When You're High?","Domino Recording Co",104,148,53,"7580572"
158,"spotify:track:4zN21mbAuaD0WqtmaTZZeP","James Hype, Miggy Dela Rosa","Ferrari","Universal-Island Records Ltd.",34,119,23,"7577788"
159,"spotify:track:5TXDeTFVRVY7Cvt0Dw4vWW","XXXTENTACION","Revenge","Bad Vibes Forever / EMPIRE",63,152,37,"7571157"
160,"spotify:track:1c39AwcrkN9srI7Az5662I","Joji","NIGHT RIDER","88rising Music/Warner Records",160,-1,1,"7505979"
161,"spotify:track:4ASA1PZyWGbuc4d9N8OAcF","Gustavo Mioto, Mari Fernandez","Eu Gosto Assim - Ao Vivo","Universal Music Ltda.",121,143,5,"7494295"
162,"spotify:track:0T2pB7P1VdXPhLdQZ488uH","Feid","Normal","UMLE - Latino",57,133,18,"7486952"
163,"spotify:track:5IPl8JpkbtSH1mdyq5ctSx","Joji","YUKON (INTERLUDE)","88rising Music/Warner Records",149,-1,2,"7457840"
164,"spotify:track:4356PL6jkERzJouVfQQkZo","Taylor Swift","High Infidelity","Taylor Swift",36,78,3,"7454422"
165,"spotify:track:1oFAF1hdPOickyHgbuRjyX","The Weeknd, Ariana Grande","Save Your Tears (Remix) (with Ariana Grande) - Bonus Track","XO / Republic Records",5,160,81,"7415871"
166,"spotify:track:6Uj1ctrBOjOas8xZXGqKk4","Doja Cat","Woman","Kemosabe Records/RCA Records",6,141,70,"7413466"
167,"spotify:track:6NnCWIWV740gP7DQ8kqdIE","(G)I-DLE","Nxde","Cube Entertainment",125,129,3,"7410026"
168,"spotify:track:4UMIv5jd9gK98a39BQRD9X","Pritam, Arijit Singh, Amitabh Bhattacharya","Kesariya","Sony Music Entertainment India Pvt. Ltd.",33,147,17,"7402548"
169,"spotify:track:0oBtwScT4B4BR5kZitNWd5","Quevedo","Punto G","Quevedo",169,-1,1,"7353651"
170,"spotify:track:3BnDvpeuGOj21Ir2aVEtQo","Rema","Calm Down","Mavin Records / Jonzing World",119,168,18,"7311811"
171,"spotify:track:46HNZY1i7O6jwTA7Slo2PI","Coldplay, BTS","My Universe","Parlophone UK",3,131,59,"7307973"
172,"spotify:track:0FqBNLXlTNimxmVRdDMj6b","Joji","1AM FREESTYLE","88rising Music/Warner Records",172,-1,1,"7292343"
173,"spotify:track:4DYKah8mcZf0O4l9Gt7woU","Joji","Dissolve","88rising Music/Warner Records",173,-1,1,"7287570"
174,"spotify:track:5gDWsRxpJ2lZAffh5p7K0w","The Weeknd, Lana Del Rey","Stargirl Interlude","Universal Republic Records",131,164,17,"7251956"
175,"spotify:track:1Ame8XTX6QHY0l0ahqUhgv","Måneskin","THE LONELIEST","Epic",50,120,5,"7232541"
176,"spotify:track:5O2P9iiztwhomNh8xkR9lJ","One Direction","Night Changes","Syco Music",108,157,24,"7191195"
177,"spotify:track:22skzmqfdWrjJylampe0kt","Macklemore & Ryan Lewis, Macklemore, Ryan Lewis, Ray Dalton","Can't Hold Us (feat. Ray Dalton)","Macklemore",149,154,45,"7180434"
178,"spotify:track:0tgVpDi06FyKpA1z0VMD4v","Ed Sheeran","Perfect","Atlantic Records UK",4,156,295,"7175235"
179,"spotify:track:1FEiijYPJtyswChfcpv3p0","Lana Del Rey","Summertime Sadness","Urban",94,151,16,"7159170"
180,"spotify:track:6mmPpaltUZK7xjNlBPQQ0p","Rauw Alejandro, Chencho Corleone","Desesperados","Sony Music Latin/Duars Entertainment",8,140,48,"7157525"
181,"spotify:track:27ZZdyTSQWI7Cug2d2PkqV","Armani White","BILLIE EILISH.","Legendbound, LLC / Def Jam Recordings",67,112,11,"7151022"
182,"spotify:track:5uSFGgIfHMT3osrAd9n9ym","Lewis Capaldi","Forget Me","Vertigo Berlin",57,149,9,"7136131"
183,"spotify:track:5FkJHVudUByVjanCqFXRql","Mr.Kitty","After Dark","Negative Gain Productions",112,153,30,"7117507"
184,"spotify:track:6ex1Pz3pntgy4NPtxHXN2V","Ed Sheeran","Bad Habits","Atlantic Records UK",3,158,72,"7100152"
185,"spotify:track:0B7wvvmu9EISAwZnOpjhNI","Bruno Mars","When I Was Your Man","Atlantic Records",161,172,11,"7087317"
186,"spotify:track:4xqrdfXkTW4T0RauPLv3WA","Conan Gray","Heather","Republic Records",12,180,120,"7085873"
187,"spotify:track:5nujrmhLynf4yMoMtj8AQF","Dua Lipa, DaBaby","Levitating (feat. DaBaby)","Warner Records",4,163,110,"7069719"
188,"spotify:track:5Zlb01Jcn0Ld49zazzZJSB","TWISTED, Oliver Tree","WORTH NOTHING","Artist Partner Group – FF10",188,-1,1,"7069091"
189,"spotify:track:1v7L65Lzy0j0vdpRjJewt1","Eminem","Lose Yourself - From ""8 Mile"" Soundtrack","Aftermath",44,170,99,"7064693"
190,"spotify:track:7fBv7CLKzipRk6EC6TWHOB","The Weeknd","The Hills","Universal Republic Records",52,159,63,"7057058"
191,"spotify:track:3hxIUxnT27p5WcmjGUXNwx","Hotel Ugly","Shut up My Moms Calling","Hotel Ugly, under exclusive license to Amuseio AB",191,197,3,"7019341"
192,"spotify:track:0ll8uFnc0nANY35E0Lfxvg","Keane","Somewhere Only We Know","Interscope",120,165,9,"6977884"
193,"spotify:track:1R0a2iXumgCiFb7HEZ7gUE","Taylor Swift","Don’t Blame Me","Big Machine Records, LLC",72,139,26,"6965250"
194,"spotify:track:4RVwu0g32PAqgUiJoXsdF8","Billie Eilish","Happier Than Ever","Darkroom/Interscope Records",6,173,67,"6908593"
195,"spotify:track:3tAQNhm1o0kzldsI5QkrB1","Aerosmith","Dream On","Columbia",195,-1,1,"6881222"
196,"spotify:track:5NxhMcHSVY3Z7ykWxZf3aj","Jhayco, Feid, Sech","En La De Ella","N&E Entertainment LLC",161,161,3,"6861022"
197,"spotify:track:3GYlZ7tbxLOxe6ewMNVTkw","Billie Eilish","TV","Darkroom/Interscope Records",27,198,7,"6844701"
198,"spotify:track:5PfFHceiEv61KldMOuVrv8","Peso Pluma, Luis R Conriquez","Siempre Pendientes","Prajin Records",97,155,12,"6821231"
199,"spotify:track:3l9YiADzNmEvBfZVPEF49F","Mora","CALENTÓN","Rimas Entertainment LLC",199,-1,1,"6741876"
200,"spotify:track:3uUuGVFu1V7jTQL60S1r8z","Lost Frequencies, Calum Scott","Where Are You Now","Epic Amsterdam",18,177,62,"6733095"
